filters,lr,best_val_acc,final_val_acc,train_time_sec
32/64,0.001,0.92575,0.92525,240.00393199920654
16/32,0.001,0.92075,0.9174166666666667,152.68746399879456
