hidden_size,lr,best_val_acc,final_val_acc,train_time_sec
256,0.001,0.8969166666666667,0.8969166666666667,22.602296113967896
128,0.001,0.8925833333333333,0.8910833333333333,19.641010761260986
